10020	FAIL	(Anti-clickjacking header)
10021	FAIL	(X-Content-Type-Options missing)
10038	FAIL	(Content Security Policy header not set)
10036	FAIL	(Server leaks version information)
10037	FAIL	(Server leaks X-Powered-By)
10010	FAIL	(Cookie without HttpOnly)
10011	FAIL	(Cookie without Secure)
10054	FAIL	(Cookie without SameSite)
10098	FAIL	(Cross-domain misconfiguration / CORS)
90022	FAIL	(Application error disclosure)
10023	FAIL	(Information disclosure - debug error messages)
10027	IGNORE	(Suspicious comments - minified third-party bundles)
10096	IGNORE	(Timestamp disclosure - content hashes in bundles)
10109	IGNORE	(Modern web application - informational)
